Relevance Score,Relevance Explanation,Conciseness Score,Conciseness Explanation,Fluency Score,Fluency Explanation,Accuracy Score,Accuracy Explanation,Coherence Score,Coherence Explanation,Overall Score,Overall Feedback,Comments on Columns,model_name,norm_type,variant
1,"The generated summary does not capture the main points of the truncated input. The input text focuses on the tax exemption status and the role of veterans' organizations, while the summary discusses the establishment of a commission and grants, which are not mentioned in the input.",3,"The summary is relatively succinct but includes details that are not relevant to the input text, making it less concise in terms of capturing the main points.",4,"The summary is well-written with proper grammar and style. It is easy to read and understand, despite its lack of relevance to the input text.",1,"The summary inaccurately represents the content of the truncated input. It introduces new elements (e.g., a commission, grants) that are not present in the input text.",3,"The summary is logically organized and easy to understand, but its coherence is undermined by its lack of relevance and accuracy to the input text.",2.4,"The generated summary is fluent and somewhat concise but fails significantly in relevance and accuracy. It introduces new topics not present in the input text, making it an inaccurate representation of the provided information.","- **Model Name**: The model used is shng2025/GPT-Valkyrie_LN-124m__noNorm__Billsum, which appears to be a specialized model for summarizing legislative texts.
- **Norm Type**: The norm type is LN (Layer Normalization), which is a technique used in neural networks to stabilize and improve training.
- **Variant**: The variant is ""noNorm,"" indicating that no additional normalization techniques were applied beyond the standard layer normalization.
- **Truncated Input**: The input text discusses the tax exemption status of veterans' organizations in California and the role these organizations play in supporting veterans.
- **Generated Summary**: The summary inaccurately focuses on the establishment of a commission and grants, which are not mentioned in the input text. This indicates a significant mismatch between the input and the generated output.",shng2025/GPT-Valkyrie_LN-124m__noNorm__Billsum,LN,noNorm
1,"The generated summary does not capture the main points of the truncated input. The input text focuses on specific amendments to the California Penal Code regarding the eligibility for resentencing and medical parole for prisoners, particularly those convicted of first-degree murder of peace officers. The summary, however, incorrectly references the Violent Crime Control and Law Enforcement Act of 1968 and includes irrelevant details about prisoners not physically present in the United States and reporting requirements to congressional committees.",3,"The summary is relatively succinct but includes unnecessary and irrelevant details that do not pertain to the provided input text. While it avoids excessive verbosity, the content it does include is not pertinent to the input.",4,"The summary is well-written with proper grammar and style. It is coherent and easy to read, despite being irrelevant to the input text.",1,The summary inaccurately represents the content of the truncated input. It introduces incorrect information about a different act and fails to mention the specific amendments to the California Penal Code regarding the eligibility for resentencing and medical parole.,3,"The summary is logically organized and easy to understand, but it lacks coherence with the provided input text. The logical flow within the summary itself is fine, but it does not align with the content of the input.",2.4,The generated summary is fluent and concise but fails significantly in relevance and accuracy. It does not capture the main points of the input text and introduces incorrect information about a different legislative act. Improvements are needed to ensure the summary accurately reflects the content of the input text.,"- **Model Name**: The model used is shng2025/GPT-Valkyrie_LN-124m__noNorm__Billsum, which appears to be a specialized model for summarizing legislative texts.
- **Norm Type**: The norm type is LN (Layer Normalization), which is a common technique in neural network training to improve performance and stability.
- **Variant**: The variant is ""noNorm,"" indicating that no additional normalization techniques were applied beyond the standard layer normalization.
- **Truncated Input**: The input text provided is a truncated version of amendments to the California Penal Code, focusing on the eligibility for resentencing and medical parole for certain prisoners.
- **Generated Summary**: The generated summary incorrectly references the Violent Crime Control and Law Enforcement Act of 1968 and includes irrelevant details, failing to accurately summarize the provided input text.",shng2025/GPT-Valkyrie_LN-124m__noNorm__Billsum,LN,noNorm
1,"** The generated summary does not capture the main points of the truncated input. The input text discusses California's economic history, infrastructure, and education system, while the summary focuses on grants for constructing and operating schools, which is not mentioned in the input.",3,** The summary is succinct but fails to include relevant details from the input. It is concise but at the expense of relevance and accuracy.,4,"** The summary is well-written with proper grammar and style. It is easy to read and understand, despite being irrelevant to the input.",1,** The summary inaccurately represents the content of the truncated input. It introduces new information about grants and educational agencies that are not present in the input text.,3,"** The summary is logically organized and easy to follow, but it does not align with the input text. The coherence within the summary itself is good, but it fails to connect with the provided content.",2.4,"** The generated summary is fluent and concise but fails significantly in relevance and accuracy. It does not capture the main points of the input text and introduces unrelated information, making it an ineffective summary of the provided content.","**
The model ""shng2025/GPT-Valkyrie_LN-124m__noNorm__Billsum"" with the ""noNorm"" variant and ""LN"" norm type appears to struggle with maintaining relevance and accuracy in its summaries. The truncated input provided a detailed discussion on California's economic and educational history, infrastructure, and the need for modernization. However, the generated summary incorrectly focused on grants for school construction and operation, which was not mentioned in the input. This indicates a significant gap in the model's ability to accurately summarize and reflect the provided content.",shng2025/GPT-Valkyrie_LN-124m__noNorm__Billsum,LN,noNorm
2,"** The generated summary captures some aspects of the input text, such as the focus on reducing greenhouse gases and improving public transportation. However, it misses several key details, such as the specific objectives of the Transit and Intercity Rail Capital Program, the role of the California Transportation Commission, and the criteria for project evaluation.",3,"** The summary is relatively concise but includes some repetitive elements, such as mentioning technical assistance twice. It could be more succinct by eliminating redundancy and focusing on the most critical points.",4,"** The summary is generally well-written with proper grammar and style. However, the sentence structure could be improved for better readability and flow.",2,"** The summary inaccurately represents some aspects of the input text. For example, it incorrectly attributes actions to the Secretary of Transportation (DOT) instead of the California Transportation Agency and the California Transportation Commission. It also introduces elements not present in the input, such as authorizing appropriations.",3,"** The summary is somewhat logically organized but lacks clarity in some parts. The list of project types is not well-integrated into the overall structure, making it harder to follow.",2.8,** The generated summary captures some relevant points but misses several key details and introduces inaccuracies. It is relatively concise and fluent but could be more coherent and accurate. Improvements are needed to better align the summary with the input text.,"**
The model ""shng2025/GPT-Valkyrie_LN-124m__noNorm__Billsum"" appears to struggle with accurately capturing the specific details and roles outlined in the truncated input. The ""Norm Type"" being ""LN"" and the ""Variant"" being ""noNorm"" might have influenced the model's performance, potentially affecting its ability to normalize and accurately summarize the content. The truncated input provided a detailed legislative amendment, but the generated summary failed to accurately reflect the specific roles and criteria mentioned, instead generalizing the content and introducing inaccuracies.",shng2025/GPT-Valkyrie_LN-124m__noNorm__Billsum,LN,noNorm
2,"The generated summary does not accurately capture the main points of the truncated input. It incorrectly mentions the Department of Health and Human Services (HHS) and the Health Resources and Services Administration (HRSA), which are not part of the provided text. The summary also fails to mention key aspects such as the role of the Emergency Medical Services Authority and the specific guidelines for the POLST eRegistry Pilot.",3,"The summary is relatively concise but includes unnecessary details that are not relevant to the truncated input, such as the mention of appropriations for FY2016-FY2022 and the submission of a plan to Congress.",4,"The summary is generally well-written with proper grammar and style. However, there are some repetitive phrases like ""collection, dissemination, and dissemination"" that affect the overall fluency.",1,The summary contains several inaccuracies. It incorrectly attributes actions to the Department of Health and Human Services (HHS) and mentions appropriations and plans that are not part of the truncated input. These errors significantly misrepresent the content of the original text.,3,"The summary is somewhat logically organized but contains some confusing elements, such as the repetition of ""dissemination"" and the incorrect references to HHS and HRSA. These issues detract from the overall coherence.",2.6,"The generated summary fails to accurately represent the main points of the truncated input and includes several inaccuracies. While it is relatively concise and fluent, the relevance and accuracy are significantly lacking, which impacts the overall quality of the summary.","The model name ""shng2025/GPT-Valkyrie_LN-124m__noNorm__Billsum"" suggests that this is a specialized model for summarizing legislative bills. The ""LN"" in the norm type likely stands for Layer Normalization, but the ""noNorm"" variant indicates that this specific model does not use normalization techniques. The truncated input provided detailed information about the California POLST eRegistry Pilot Act, including definitions, the establishment of a pilot project, and guidelines for its operation. However, the generated summary did not accurately capture these details and instead introduced incorrect information about federal agencies and appropriations, which were not mentioned in the input. This discrepancy highlights the need for improvements in the model's ability to accurately summarize legislative texts.",shng2025/GPT-Valkyrie_LN-124m__noNorm__Billsum,LN,noNorm
1,"The generated summary does not capture any of the main points of the truncated input. The input text is about amendments to the Government Code regarding income reporting, while the summary discusses amendments to the Internal Revenue Code and other unrelated topics.",3,"The summary is succinct, but it is concise to the point of being irrelevant. It does not include unnecessary details, but it also fails to include any relevant details from the input text.",4,"The summary is well-written with proper grammar and style. It is easy to read and understand, despite being completely off-topic.",1,"The summary inaccurately represents the content of the truncated input. It introduces topics and sections that are not present in the input text, leading to a completely erroneous summary.",3,"The summary is logically organized and easy to understand, but it lacks coherence with the input text. The logical flow within the summary itself is fine, but it does not align with the provided content.",2.4,"The generated summary is fluent and concise but fails in relevance, accuracy, and coherence with the input text. It discusses unrelated legislative amendments, making it an ineffective summary of the provided content.","- **Model Name**: The model used is shng2025/GPT-Valkyrie_LN-124m__noNorm__Billsum, which appears to be designed for summarizing legislative texts.
- **Norm Type**: LN (Layer Normalization) is mentioned, but the variant used is ""noNorm,"" indicating that normalization techniques might not have been applied.
- **Variant**: The ""noNorm"" variant suggests that the model did not use normalization, which could affect the quality of the generated summaries.
- **Truncated Input**: The input text is a detailed legislative amendment regarding income reporting requirements in the Government Code.
- **Generated Summary**: The summary provided is completely unrelated to the input text, discussing amendments to the Internal Revenue Code and other unrelated legislative acts. This indicates a significant mismatch between the input and the generated output.",shng2025/GPT-Valkyrie_LN-124m__noNorm__Billsum,LN,noNorm
2,"** The generated summary does not capture the main points of the truncated input. The input text focuses on the funding and training of primary care physicians in California, while the summary discusses the establishment of an advisory panel and grants, which are not mentioned in the input.",3,"** The summary is succinct but omits critical details from the input text. While it is brief, it fails to include the essential points about the funding and the specific issues California is facing with primary care physicians.",4,"** The summary is well-written with proper grammar and style. It is easy to read and understand, though it does not accurately reflect the content of the input.",1,"** The summary inaccurately represents the content of the truncated input. It introduces elements such as the Secretary of Health and Human Services and the Public Health Service Act, which are not mentioned in the input text.",3,"** The summary is logically organized and easy to follow, but it does not align with the content of the input text. The logical flow is present, but the information is not relevant to the input.",2.6,"** The generated summary is fluent and concise but fails significantly in relevance and accuracy. It does not capture the main points of the input text and introduces unrelated information, leading to a low overall score.","**
The model ""shng2025/GPT-Valkyrie_LN-124m__noNorm__Billsum"" with the ""noNorm"" variant and ""LN"" norm type appears to struggle with accurately summarizing the provided input. The truncated input text focuses on the funding and training of primary care physicians in California, highlighting the need for additional funding and the potential impact on underserved communities. However, the generated summary diverges significantly, discussing the establishment of an advisory panel and grants, which are not mentioned in the input. This indicates a potential issue with the model's ability to maintain relevance and accuracy when summarizing legislative texts.",shng2025/GPT-Valkyrie_LN-124m__noNorm__Billsum,LN,noNorm
1,"The generated summary does not capture the main points of the truncated input. The input text focuses on the Maximum Family Grant rule, its impact on families in deep poverty, and specific legislative changes to the Welfare and Institutions Code. The summary, however, discusses directives to the Secretary of Health and Human Services and amendments to the Social Security Act, which are not mentioned in the input.",3,"The summary is succinct and does not include unnecessary details. However, its conciseness is irrelevant because it does not address the content of the input text.",4,"The summary is well-written with proper grammar and style. It is clear and easy to read, though it lacks relevance to the input text.",1,"The summary inaccurately represents the content of the truncated input. It introduces topics and directives that are not present in the input text, leading to a significant misrepresentation.",3,"The summary is logically organized and easy to understand. However, its coherence is undermined by the fact that it does not relate to the input text, making it irrelevant.",2.4,"The generated summary is fluent and concise but fails to capture the main points of the input text. It inaccurately represents the content, leading to a low relevance and accuracy score. The summary needs to be more aligned with the specific legislative changes and issues discussed in the input text.","- **Model Name**: The model used is shng2025/GPT-Valkyrie_LN-124m__noNorm__Billsum, which appears to be a specialized model for summarizing legislative texts.
- **Norm Type**: The norm type is LN (Layer Normalization), which is a technique used in neural networks to stabilize and accelerate training.
- **Variant**: The variant is ""noNorm,"" indicating that no additional normalization techniques were applied beyond the standard layer normalization.
- **Truncated Input**: The input text discusses the Maximum Family Grant rule, its impact on families in deep poverty, and specific legislative changes to the Welfare and Institutions Code.
- **Generated Summary**: The summary provided does not align with the input text, discussing unrelated directives to the Secretary of Health and Human Services and amendments to the Social Security Act. This indicates a significant mismatch between the input and the generated output.",shng2025/GPT-Valkyrie_LN-124m__noNorm__Billsum,LN,noNorm
1,"The generated summary does not capture the main points of the truncated input. The input text is about amendments to the Government Code regarding public retirement systems in California, while the summary discusses amendments to the Federal Election Campaign Act of 1971, which is entirely unrelated.",3,"The summary is relatively succinct, but since it is not relevant to the input text, its conciseness does not contribute positively to the overall evaluation.",4,"The summary is well-written with proper grammar and style. It is coherent and easy to read, despite being irrelevant to the input text.",1,"The summary inaccurately represents the content of the truncated input. It discusses a different topic altogether, making it completely inaccurate.",4,"The summary is logically organized and easy to understand. However, its coherence is undermined by its irrelevance to the input text.",2.6,"The generated summary is fluent and coherent but fails significantly in relevance and accuracy. It discusses a different legislative act unrelated to the provided input text, making it an ineffective summary for the given content.","- **Model Name**: The model name suggests it is a variant of GPT-Valkyrie designed for summarizing legislative documents, but it failed to produce a relevant summary in this instance.
- **Norm Type**: LN (Layer Normalization) is a technique used in neural networks to stabilize and accelerate training, but it did not seem to help in generating a relevant summary here.
- **Variant**: The ""noNorm"" variant indicates that no additional normalization techniques were applied, which might have impacted the model's performance.
- **Truncated Input**: The input text is a detailed legislative amendment concerning public retirement systems in California, which the summary failed to capture.
- **Generated Summary**: The summary incorrectly focuses on amendments to the Federal Election Campaign Act of 1971, showing a significant mismatch with the input text.",shng2025/GPT-Valkyrie_LN-124m__noNorm__Billsum,LN,noNorm
1,"The generated summary does not capture the main points of the truncated input. The input text focuses on the use of medically important antimicrobial drugs in livestock, while the summary discusses amendments to the Federal Food, Drug, and Cosmetic Act and the establishment of a program by the Secretary of Health and Human Services.",3,"The summary is relatively succinct, but it includes details that are not relevant to the truncated input. It could be more concise by focusing on the actual content of the input text.",4,"The summary is well-written with proper grammar and style. It is easy to read and understand, despite being irrelevant to the input text.",1,The summary inaccurately represents the content of the truncated input. It discusses different legislation and programs that are not mentioned in the input text.,3,"The summary is logically organized and easy to understand, but it lacks coherence with the input text. The information presented does not align with the content of the input.",2.4,"The generated summary is well-written and organized but fails to capture the main points of the truncated input. It discusses unrelated legislation and programs, making it irrelevant and inaccurate. The summary needs to be more focused on the actual content of the input text to improve its relevance and accuracy.","- **Model Name**: The model used is shng2025/GPT-Valkyrie_LN-124m__noNorm__Billsum, which appears to be designed for summarizing legislative texts.
- **Norm Type**: The norm type is LN, which might refer to Layer Normalization, a technique used in neural networks to stabilize and improve training.
- **Variant**: The variant is noNorm, indicating that no additional normalization techniques were applied beyond the standard LN.
- **Truncated Input**: The input text provides detailed regulations on the use of medically important antimicrobial drugs in livestock, including definitions, conditions for use, and guidelines for antimicrobial stewardship.
- **Generated Summary**: The summary provided is unrelated to the input text, discussing amendments to the Federal Food, Drug, and Cosmetic Act and the establishment of a program by the Secretary of Health and Human Services, which is not mentioned in the input.",shng2025/GPT-Valkyrie_LN-124m__noNorm__Billsum,LN,noNorm
1,"The generated summary does not capture any of the main points of the truncated input. The input text focuses on crisis intervention behavioral health training for field training officers, while the summary discusses amendments to the Violent Crime Control and Law Enforcement Act of 1968, which is entirely unrelated.",3,"The summary is relatively succinct, but since it is completely irrelevant to the input text, its conciseness does not contribute positively to the evaluation.",4,"The summary is well-written with proper grammar and style. It is coherent and easy to read, despite being irrelevant to the input text.",1,The summary does not accurately represent the content of the truncated input. It discusses a different legislative act and requirements that are not mentioned in the input text.,4,"The summary is logically organized and easy to understand. However, its coherence is undermined by its complete irrelevance to the input text.",2.6,The generated summary is fluent and coherent but fails in relevance and accuracy. It discusses a different legislative act and does not capture any of the main points from the provided input text. Improvements are needed to ensure the summary is relevant and accurate.,"- **Model Name**: The model name indicates it is a variant of GPT-Valkyrie with no normalization, specifically trained on the Billsum dataset.
- **Norm Type**: LN (Layer Normalization) is mentioned, but the variant is specified as ""noNorm,"" indicating that normalization techniques might not have been applied.
- **Variant**: The ""noNorm"" variant suggests that the model might not be using normalization techniques, which could affect its performance.
- **Truncated Input**: The input text focuses on crisis intervention behavioral health training for field training officers, detailing specific requirements and timelines.
- **Generated Summary**: The summary provided is completely unrelated to the input text, discussing amendments to the Violent Crime Control and Law Enforcement Act of 1968 instead of the specified training requirements for field training officers.
```",shng2025/GPT-Valkyrie_LN-124m__noNorm__Billsum,LN,noNorm
1,"The generated summary does not capture the main points of the truncated input. The input text focuses on California's legislation regarding Medi-Cal estate recovery, while the summary discusses amendments to the Social Security Act and grants for estate recovery plans, which are not mentioned in the input.",3,"The summary is succinct, but it fails to include relevant details from the input text. While it avoids unnecessary details, it also omits critical information that should have been included.",4,"The summary is well-written with proper grammar and style. It is easy to read and understand, despite not being relevant to the input text.",1,"The summary inaccurately represents the content of the truncated input. It introduces information about the Social Security Act and grants that are not present in the input text, leading to a significant misrepresentation.",3,"The summary is logically organized and easy to follow, but it lacks coherence with the input text. The logical flow within the summary itself is fine, but it does not align with the provided content.",2.4,"The generated summary fails to capture the main points of the truncated input and inaccurately represents the content. While it is concise and fluent, it lacks relevance and coherence with the input text. Improvements are needed to ensure the summary accurately reflects the provided information.","- **Model Name**: The model used is shng2025/GPT-Valkyrie_LN-124m__noNorm__Billsum, which appears to be a specialized model for summarizing legislative texts.
- **Norm Type**: The norm type is LN (Layer Normalization), which is a technique used in neural networks to stabilize and improve training.
- **Variant**: The variant is ""noNorm,"" indicating that no additional normalization techniques were applied beyond the standard layer normalization.
- **Truncated Input**: The input text provides detailed information about California's legislation on Medi-Cal estate recovery, highlighting the unfairness and proposed limitations on estate recovery.
- **Generated Summary**: The summary incorrectly focuses on amendments to the Social Security Act and grants for estate recovery plans, which are not mentioned in the input text. This indicates a significant deviation from the provided content.",shng2025/GPT-Valkyrie_LN-124m__noNorm__Billsum,LN,noNorm
1,"The generated summary does not capture the main points of the truncated input. The input text is about California's Vehicle Code amendments regarding emission standards and decals for certain vehicles, while the summary incorrectly discusses amendments to the Federal Motor Carrier Safety Act and regulations by the Department of Transportation (DOT).",3,The summary is relatively succinct but includes unnecessary details that are not relevant to the input text. It introduces new sections and regulations that are not mentioned in the input.,4,"The summary is well-written with proper grammar and style. It is coherent and easy to read, despite being irrelevant to the input text.",1,"The summary inaccurately represents the content of the truncated input. It discusses federal regulations and the DOT, which are not mentioned in the input text about California's Vehicle Code.",3,"The summary is logically organized and easy to understand, but it is not coherent with the provided input text. The logical flow within the summary itself is fine, but it does not align with the input content.",2.4,"The generated summary fails to capture the main points of the input text and inaccurately represents the content. While it is well-written and concise, it is not relevant to the provided input. The summary needs significant improvement in relevance and accuracy to be useful.","- **Model Name**: The model used is shng2025/GPT-Valkyrie_LN-124m__noNorm__Billsum, which appears to be a specialized model for summarizing legislative texts.
- **Norm Type**: LN (Layer Normalization) is mentioned, but the variant used is ""noNorm,"" indicating that normalization techniques might not have been applied, potentially affecting the model's performance.
- **Variant**: The ""noNorm"" variant suggests that the model might not have used normalization techniques, which could impact the quality of the generated summaries.
- **Truncated Input**: The input text is a detailed legislative amendment to California's Vehicle Code, focusing on emission standards and vehicle decals.
- **Generated Summary**: The summary incorrectly discusses amendments to the Federal Motor Carrier Safety Act and regulations by the DOT, which are not relevant to the input text. This indicates a significant mismatch between the input and the generated output.",shng2025/GPT-Valkyrie_LN-124m__noNorm__Billsum,LN,noNorm
1,"The generated summary does not capture the main points of the truncated input. The input text focuses on the legislative definitions and agreements related to the 2024 Olympic Games and Paralympic Games Act, while the summary discusses U.S. policy and actions by the Department of the Interior and the Department of Agriculture, which are not mentioned in the input.",3,"The summary is succinct, but it fails to include relevant details from the input text. While it is concise, it omits critical information necessary for understanding the act described in the input.",4,"The summary is well-written with proper grammar and style. It reads smoothly and is easy to understand, despite being irrelevant to the input text.",1,The summary inaccurately represents the content of the truncated input. It introduces information not present in the input and fails to mention key aspects of the act described.,3,"The summary is logically organized and easy to follow, but it lacks coherence with the input text. The information provided does not align with the legislative content of the input.",2.4,"The generated summary is fluent and concise but fails significantly in relevance and accuracy. It does not capture the main points of the input text and introduces unrelated information, leading to a low overall score.","The model ""shng2025/GPT-Valkyrie_LN-124m__noNorm__Billsum"" with the ""noNorm"" variant and ""LN"" norm type appears to struggle with maintaining relevance and accuracy in the generated summary. The truncated input provided detailed legislative definitions and agreements related to the 2024 Olympic Games and Paralympic Games Act, but the generated summary diverged significantly, discussing U.S. policy and actions by unrelated departments. This indicates a potential issue with the model's ability to stay on topic and accurately summarize legislative texts.
```",shng2025/GPT-Valkyrie_LN-124m__noNorm__Billsum,LN,noNorm
1,"The generated summary does not capture the main points of the truncated input. The input text focuses on the establishment and functions of the Office of Higher Education Performance and Accountability in California, while the summary incorrectly refers to amendments to the Higher Education Act of 1965 and the establishment of a federal agency.",3,"The summary is relatively succinct but includes unnecessary details that are not relevant to the input text. It mentions coordination with federal agencies and technical assistance, which are not part of the provided input.",4,"The summary is generally well-written with proper grammar and style. However, it ends abruptly and lacks completeness, which affects its overall readability.",1,"The summary inaccurately represents the content of the truncated input. It introduces incorrect information about federal agencies and the Higher Education Act of 1965, which are not mentioned in the input text.",2,The summary is somewhat logically organized but lacks coherence due to the introduction of irrelevant and incorrect information. The abrupt ending also disrupts the flow of the summary.,2.2,"The generated summary fails to accurately represent the main points of the truncated input. It introduces irrelevant and incorrect information, which significantly affects its relevance and accuracy. While the summary is relatively fluent, it lacks coherence and completeness.","- **Model Name**: The model used is shng2025/GPT-Valkyrie_LN-124m__noNorm__Billsum, which appears to be designed for summarizing legislative texts.
- **Norm Type**: The norm type is LN, which might refer to Layer Normalization, a technique used in neural networks to stabilize and improve training.
- **Variant**: The variant is noNorm, indicating that no normalization techniques were applied during the generation process.
- **Truncated Input**: The input text provides detailed information about the establishment and functions of the Office of Higher Education Performance and Accountability in California.
- **Generated Summary**: The summary incorrectly refers to amendments to the Higher Education Act of 1965 and the establishment of a federal agency, which are not mentioned in the input text. This indicates a significant deviation from the provided information.
```",shng2025/GPT-Valkyrie_LN-124m__noNorm__Billsum,LN,noNorm
1,"The generated summary does not capture the main points of the truncated input. The input text discusses California state legislation regarding mass mailings before elections and workforce investment principles, while the summary incorrectly refers to amendments to the Federal Election Campaign Act and the Internal Revenue Code.",3,"The summary is relatively succinct, but it includes details that are not relevant to the provided input text, which detracts from its overall conciseness.",4,"The summary is well-written with proper grammar and style. It is easy to read and understand, despite being inaccurate in content.",1,The summary inaccurately represents the content of the truncated input. It introduces unrelated federal legislation and tax code amendments that are not mentioned in the input text.,3,"The summary is logically organized and easy to follow, but the coherence is undermined by the fact that it does not relate to the provided input text.",2.4,"The generated summary is fluent and somewhat concise but fails significantly in relevance and accuracy. It does not capture the main points of the input text and introduces unrelated information, making it an ineffective summary of the provided content.","- **Model Name**: The model used is shng2025/GPT-Valkyrie_LN-124m__noNorm__Billsum, which appears to be designed for summarizing legislative texts.
- **Norm Type**: The norm type is LN (Layer Normalization), which is a technique used in neural networks to stabilize and improve training.
- **Variant**: The variant is ""noNorm,"" indicating that no additional normalization techniques were applied beyond the standard layer normalization.
- **Truncated Input**: The truncated input includes sections of California state legislation regarding mass mailings before elections and workforce investment principles.
- **Generated Summary**: The generated summary incorrectly references amendments to the Federal Election Campaign Act and the Internal Revenue Code, which are not related to the provided input text. This indicates a significant mismatch between the input and the generated output.",shng2025/GPT-Valkyrie_LN-124m__noNorm__Billsum,LN,noNorm
2,"The generated summary does not capture the main points of the truncated input. The input text focuses on the various materials used in artificial turf, the associated health risks, and past legal actions, while the summary discusses amendments to the Public Health Service Act and the establishment of programs to reduce exposure to hazardous substances, which are not mentioned in the input.",4,"The summary is succinct and avoids unnecessary details. However, it is concise to the point of omitting critical information from the input text.",5,The summary is well-written with proper grammar and style. It reads smoothly and is free of grammatical errors.,2,"The summary inaccurately represents the content of the truncated input. It introduces new elements (e.g., amendments to the Public Health Service Act, CDC involvement) that are not present in the input text.",4,"The summary is logically organized and easy to understand. However, the coherence is slightly undermined by the lack of alignment with the input text.",3.4,"The generated summary is fluent and concise but fails to accurately capture the main points of the truncated input. It introduces new information not present in the input text, leading to a low relevance and accuracy score. Improving the alignment with the input text would enhance the overall quality.","- **Model Name**: The model used is shng2025/GPT-Valkyrie_LN-124m__noNorm__Billsum, which appears to be a specialized model for summarizing legislative texts.
- **Norm Type**: The norm type is LN (Layer Normalization), which is a technique used in neural networks to stabilize and accelerate training.
- **Variant**: The variant is ""noNorm,"" indicating that no additional normalization techniques were applied beyond the standard layer normalization.
- **Truncated Input**: The input provides detailed information about the materials used in artificial turf, associated health risks, and historical legal actions.
- **Generated Summary**: The summary discusses amendments to the Public Health Service Act and the establishment of programs to reduce exposure to hazardous substances, which are not mentioned in the input text. This indicates a significant deviation from the provided information.",shng2025/GPT-Valkyrie_LN-124m__noNorm__Billsum,LN,noNorm
1,"The generated summary does not capture the main points of the truncated input. The input text is about the definition of ""veteran"" in the California Military and Veterans Code, while the summary discusses amendments to the Social Security Act related to health insurance for veterans.",3,"The summary is relatively succinct but includes unnecessary details about the Social Security Act, which are irrelevant to the input text.",4,The summary is well-written with proper grammar and style. It is clear and easy to read.,1,"The summary inaccurately represents the content of the truncated input. It discusses a different legislative measure entirely, which is not related to the provided text.",3,"The summary is logically organized and easy to understand, but it is not coherent with the input text.",2.4,"The generated summary fails to capture the main points of the input text and inaccurately represents its content. While the summary is fluent and somewhat concise, it is not relevant or accurate, leading to a low overall score.","- **Model Name**: The model used is shng2025/GPT-Valkyrie_LN-124m__noNorm__Billsum, which appears to be a specialized model for summarizing legislative texts.
- **Norm Type**: LN (Layer Normalization) is mentioned, but the variant used is ""noNorm,"" indicating that normalization techniques might not have been applied.
- **Variant**: The ""noNorm"" variant suggests that the model did not use normalization, which could affect the quality of the generated summaries.
- **Truncated Input**: The input text is a detailed legal definition of ""veteran"" in the California Military and Veterans Code, specifying various conditions and periods of service.
- **Generated Summary**: The summary provided is unrelated to the input text, discussing amendments to the Social Security Act instead of the definition of ""veteran"" in the California code. This indicates a significant mismatch between the input and the generated output.",shng2025/GPT-Valkyrie_LN-124m__noNorm__Billsum,LN,noNorm
1,"The generated summary does not capture the main points of the truncated input. The input text focuses on California's economic competitiveness, middle skill credentials, and amendments to the Business and Professions Code, while the summary incorrectly mentions the FTC, Secretary of Labor, and FBI, which are not relevant to the input.",3,"The summary is succinct but fails to include relevant details from the input text. While it avoids unnecessary details, it also omits critical information, making it incomplete.",4,"The summary is generally well-written with proper grammar and style. However, the content is not aligned with the input, which affects its overall quality.",1,"The summary inaccurately represents the content of the truncated input. It introduces entities and directives that are not mentioned in the input text, leading to significant errors.",3,"The summary is logically organized and easy to understand, but the information presented is not coherent with the input text. The logical flow is maintained, but the content is incorrect.",2.4,"The generated summary fails to capture the main points of the input text and introduces irrelevant and inaccurate information. While it is concise and fluent, the lack of relevance and accuracy significantly detracts from its quality.","- **Model Name**: The model used is shng2025/GPT-Valkyrie_LN-124m__noNorm__Billsum, which appears to struggle with accurately summarizing the provided input.
- **Norm Type**: The norm type is LN (Layer Normalization), which might affect the model's performance in generating accurate summaries.
- **Variant**: The variant is noNorm, indicating that no additional normalization techniques were applied, which could impact the model's ability to generate precise summaries.
- **Truncated Input**: The input text discusses California's economic competitiveness, middle skill credentials, and amendments to the Business and Professions Code.
- **Generated Summary**: The summary incorrectly focuses on directives involving the FTC, Secretary of Labor, and FBI, which are not mentioned in the input text, leading to a significant mismatch in content.",shng2025/GPT-Valkyrie_LN-124m__noNorm__Billsum,LN,noNorm
1,"The generated summary does not capture the main points of the truncated input. The input text focuses on the specifics of the earned income tax credit in California, including percentages and amounts for different categories of individuals, while the summary incorrectly mentions age-related eligibility and a $3,000 credit limit, which are not present in the input.",3,"The summary is succinct, but it omits critical details and introduces irrelevant information. While brevity is achieved, it comes at the cost of relevance and accuracy.",4,"The summary is generally well-written with proper grammar and style. It reads smoothly and is easy to understand, despite the inaccuracies in content.",1,The summary contains significant errors and does not accurately represent the content of the truncated input. It introduces incorrect information about age eligibility and credit limits that are not mentioned in the input.,3,"The summary is logically organized and easy to follow, but the coherence is undermined by the introduction of irrelevant and incorrect information. The logical flow is maintained, but the content is misleading.",2.4,"The generated summary fails to capture the main points of the truncated input and introduces significant inaccuracies. While it is concise and fluent, the lack of relevance and accuracy significantly detracts from its overall quality. Improvements are needed to ensure the summary accurately reflects the input content.","- **Model Name**: The model used is shng2025/GPT-Valkyrie_LN-124m__noNorm__Billsum, which appears to be a specialized model for summarizing legislative texts.
- **Norm Type**: LN (Layer Normalization) is mentioned, but the variant used is ""noNorm,"" indicating that normalization techniques might not have been applied, potentially affecting the model's performance.
- **Variant**: The ""noNorm"" variant suggests that the model did not use normalization, which could impact the consistency and accuracy of the generated summaries.
- **Truncated Input**: The input provided detailed information about the earned income tax credit in California, including specific percentages and amounts for different categories of individuals.
- **Generated Summary**: The summary generated was not relevant to the input, introducing incorrect information about age eligibility and credit limits, which were not part of the input text.",shng2025/GPT-Valkyrie_LN-124m__noNorm__Billsum,LN,noNorm
1,"The generated summary does not capture the main points of the truncated input. The input text is about specific budget allocations in California, while the summary incorrectly refers to amendments to the Federal budget and unrelated federal agencies.",3,"The summary is succinct, but it fails to include relevant details from the input text. It is concise but at the expense of relevance and accuracy.",4,"The summary is generally well-written with proper grammar and style. However, there are minor issues with clarity and coherence.",1,"The summary inaccurately represents the content of the truncated input. It mentions federal agencies and programs that are not present in the input text, leading to significant factual errors.",2,The summary is somewhat logically organized but is difficult to understand due to the inclusion of incorrect and irrelevant information.,2.2,"The generated summary fails to accurately represent the content of the truncated input. While it is concise and somewhat fluent, it lacks relevance, accuracy, and coherence. The summary introduces unrelated federal elements, which mislead the reader about the actual content of the input text.","The model ""shng2025/GPT-Valkyrie_LN-124m__noNorm__Billsum"" with the ""noNorm"" variant and ""LN"" norm type appears to struggle with accurately summarizing state-level budgetary information. The truncated input provided detailed allocations for various California state programs, including traffic congestion relief, fire recovery, and university funding. However, the generated summary incorrectly referenced federal budget amendments and agencies, indicating a significant mismatch between the input and the output. This suggests that the model may need further fine-tuning or context-specific training to handle state-level legislative documents accurately.
```",shng2025/GPT-Valkyrie_LN-124m__noNorm__Billsum,LN,noNorm
1,"** The generated summary does not capture the main points of the truncated input. The input text is about amendments to various sections of the California Government Code related to family member definitions, prefunding, health benefit plan enrollments, and reporting requirements. The summary, however, discusses amendments to the Internal Revenue Code, ERISA, and the Social Security Act, which are not mentioned in the input.",3,"** The summary is succinct, but it is concise to the point of being irrelevant. It does not include unnecessary details, but it also fails to include necessary ones.",4,"** The summary is well-written with proper grammar and style. It is easy to read and understand, despite being irrelevant to the input text.",1,** The summary inaccurately represents the content of the truncated input. It introduces topics and legislative acts that are not present in the input text.,3,"** The summary is logically organized and easy to understand, but it is not coherent with the provided input text. The logical flow within the summary itself is fine, but it does not align with the input.",2.4,"** The generated summary is fluent and concise but fails significantly in relevance and accuracy. It does not capture the main points of the input text and introduces unrelated legislative acts, making it an ineffective summary of the provided content.","**
- **Model Name:** The model used is shng2025/GPT-Valkyrie_LN-124m__noNorm__Billsum, which appears to be a specialized model for summarizing legislative texts.
- **Norm Type:** The norm type is LN (Layer Normalization), which is a technique used in neural networks to stabilize and accelerate training.
- **Variant:** The variant is ""noNorm,"" indicating that no additional normalization techniques were applied beyond the standard layer normalization.
- **Truncated Input:** The input text consists of various sections of the California Government Code being amended or added, focusing on definitions, prefunding, health benefit plan enrollments, and reporting requirements.
- **Generated Summary:** The summary provided is unrelated to the input text, discussing amendments to the Internal Revenue Code, ERISA, and the Social Security Act, which are not mentioned in the input. This indicates a significant mismatch between the input and the generated output.",shng2025/GPT-Valkyrie_LN-124m__noNorm__Billsum,LN,noNorm
1,"The generated summary does not capture the main points of the truncated input. The input text is about the appropriation and investment of funds received by the California State University, while the summary discusses amendments to the Higher Education Act of 1965 and grants for institutions of higher education, which is unrelated.",3,"The summary is relatively succinct, but since it is not relevant to the input text, its conciseness does not contribute positively to the overall evaluation.",4,"The summary is well-written with proper grammar and style. It is clear and easy to read, despite being irrelevant to the input text.",1,The summary inaccurately represents the content of the truncated input. It discusses different legislation and topics that are not present in the provided text.,4,"The summary is logically organized and easy to understand. However, its coherence is undermined by its irrelevance to the input text.",2.6,The generated summary is fluent and coherent but fails significantly in relevance and accuracy. It does not capture the main points of the input text and discusses unrelated legislative content.,"The model ""shng2025/GPT-Valkyrie_LN-124m__noNorm__Billsum"" with the ""noNorm"" variant and ""LN"" norm type appears to have generated a summary that is not aligned with the provided truncated input. The input text focuses on the appropriation and investment of funds for the California State University, while the generated summary incorrectly discusses amendments to the Higher Education Act of 1965 and grants for institutions of higher education. This discrepancy indicates a significant issue with the model's ability to generate relevant and accurate summaries based on the provided input.
```",shng2025/GPT-Valkyrie_LN-124m__noNorm__Billsum,LN,noNorm
1,"The generated summary does not capture the main points of the truncated input. The input text focuses on specific amendments to the California Government Code and Public Resources Code, while the summary incorrectly references the Public Utility Regulatory Policies Act of 1974 and federal agencies like DOE and FERC, which are not mentioned in the input.",3,"The summary is relatively succinct but includes unnecessary details that are not relevant to the input text. It also introduces new information that is not present in the input, which detracts from its conciseness.",4,"The summary is generally well-written with proper grammar and style. However, there are minor issues with clarity and coherence that affect its overall fluency.",1,"The summary inaccurately represents the content of the truncated input. It introduces incorrect references to federal laws and agencies, which are not part of the input text.",3,The summary is somewhat logically organized but suffers from coherence issues due to the introduction of irrelevant and incorrect information. This makes it harder to understand the connection between the summary and the input text.,2.4,"The generated summary fails to accurately capture the main points of the truncated input and introduces irrelevant and incorrect information. While it is relatively well-written, its lack of relevance and accuracy significantly detracts from its overall quality.","- **Model Name**: The model used is shng2025/GPT-Valkyrie_LN-124m__noNorm__Billsum, which appears to be a specialized model for summarizing legislative texts.
- **Norm Type**: The norm type is LN, which might refer to Layer Normalization, a technique used in neural networks to improve training stability and performance.
- **Variant**: The variant is noNorm, indicating that no additional normalization techniques were applied beyond the standard LN.
- **Truncated Input**: The truncated input provides specific amendments to sections of the California Government Code and Public Resources Code, focusing on the responsibilities and funding of the Public Utilities Commission and the Renewable Resource Trust Fund.
- **Generated Summary**: The generated summary incorrectly references federal laws and agencies, failing to capture the main points of the input text and introducing irrelevant information.",shng2025/GPT-Valkyrie_LN-124m__noNorm__Billsum,LN,noNorm
1,"The generated summary does not capture the main points of the truncated input. The input text focuses on the definitions and regulations regarding solitary confinement in juvenile facilities, while the summary incorrectly mentions amendments to the welfare and institutions code and requirements for the Secretary of Health and Human Services to report to Congress, which are not present in the input.",3,The summary is succinct but fails to include relevant details from the input text. It is concise but at the expense of omitting critical information and introducing unrelated content.,4,"The summary is generally well-written with proper grammar and style. However, the content is not relevant to the input, which affects its overall quality.",1,The summary inaccurately represents the content of the truncated input. It introduces elements that are not present in the input text and fails to mention key aspects of the provided information.,3,"The summary is logically organized and easy to understand, but the coherence is undermined by the inclusion of irrelevant information. The flow is good, but the content does not match the input.",2.4,The generated summary is fluent and concise but fails significantly in relevance and accuracy. It introduces unrelated content and omits critical details from the input text. Improvements are needed to ensure the summary accurately reflects the provided information.,"- **Model Name**: The model used is shng2025/GPT-Valkyrie_LN-124m__noNorm__Billsum, which appears to struggle with accurately summarizing the provided input text.
- **Norm Type**: The norm type is LN (Layer Normalization), which might affect the model's performance in generating summaries.
- **Variant**: The variant is noNorm, indicating that no additional normalization techniques were applied, which could impact the model's ability to generate accurate summaries.
- **Truncated Input**: The input text provides detailed definitions and regulations regarding solitary confinement in juvenile facilities, focusing on the conditions under which it can be applied.
- **Generated Summary**: The summary inaccurately reflects the input text, introducing unrelated content about amendments to the welfare and institutions code and reporting requirements for the Secretary of Health and Human Services. This indicates a significant mismatch between the input and the generated output.",shng2025/GPT-Valkyrie_LN-124m__noNorm__Billsum,LN,noNorm
