Correctness Score,Correctness Explanation,Completeness Score,Completeness Explanation,Relevance Score,Relevance Explanation,Fluency Score,Fluency Explanation,Conciseness Score,Conciseness Explanation,Overall Score,Overall Feedback,Comments on Columns,model_name,norm_type,variant
5,"The generated answer ""France"" is correct based on the context provided, which clearly states that Normandy is a region in France.",5,The answer fully addresses the question by providing the exact country where Normandy is located.,5,The answer is directly relevant to the question asked and aligns perfectly with the context provided.,5,"The answer is well-written with proper grammar and style. It is a single word, but it is correctly spelled and appropriately capitalized.",5,"The answer is concise and to the point, providing the necessary information without any extraneous details.",5,"The generated answer is excellent in all aspects. It is correct, complete, relevant, fluent, and concise. The model has performed exceptionally well in providing a precise and accurate response to the question.","- **Model Name**: The model used is shng2025/GPT-Valkyrie_LN-124m__noNorm__SQuAD, which appears to be a specialized version of a GPT model fine-tuned on the SQuAD dataset.
- **Norm Type**: The norm type is LN, which likely stands for Layer Normalization, a technique used to stabilize and improve the training of deep neural networks.
- **Variant**: The variant is ""noNorm,"" indicating that this particular model version does not use normalization techniques, which is interesting given the norm type specified.
- **Question**: The question is straightforward, asking for the country where Normandy is located.
- **Context**: The context provides detailed historical information about the Normans and clearly states that Normandy is a region in France.
- **Reference Answers**: The reference answers are all ""France,"" which aligns with the generated answer.
- **Generated Answer**: The generated answer ""France"" is correct and matches the reference answers perfectly.
```",shng2025/GPT-Valkyrie_LN-124m__noNorm__SQuAD,LN,noNorm
5,"The generated answer ""10th and 11th centuries"" is correct based on the context provided, which states that the Normans were in Normandy during these centuries.",5,"The answer fully addresses the question by specifying the time period when the Normans were in Normandy, which is exactly what was asked.",5,The answer is directly relevant to the question and the context. It provides the specific time period mentioned in the context.,5,The answer is well-written with proper grammar and style. It is clear and easy to understand.,5,"The answer is concise and to the point, providing the necessary information without any unnecessary details.",5,"The generated answer is accurate, complete, relevant, fluent, and concise. It perfectly matches the reference answers and the context provided.","- **Model Name**: The model used is shng2025/GPT-Valkyrie_LN-124m__noNorm__SQuAD, which appears to be a variant of a GPT-based model fine-tuned on the SQuAD dataset.
- **Norm Type**: LN likely stands for Layer Normalization, a technique used in neural networks to stabilize and accelerate training.
- **Variant**: noNorm indicates that this particular variant of the model does not use normalization techniques, which might affect its performance in different ways.
- **Question**: The question ""When were the Normans in Normandy?"" is straightforward and seeks a specific time period.
- **Context**: The context provides detailed historical information about the Normans, including their origins and the time period during which they were in Normandy.
- **Reference Answers**: The reference answers are consistent and all indicate the ""10th and 11th centuries,"" which aligns with the generated answer.
- **Generated Answer**: The generated answer ""10th and 11th centuries"" is correct and matches the reference answers, demonstrating the model's ability to extract relevant information accurately.
```",shng2025/GPT-Valkyrie_LN-124m__noNorm__SQuAD,LN,noNorm
1,"The generated answer ""France"" is incorrect. The context clearly states that the Norse originated from Denmark, Iceland, and Norway.",1,The answer does not address the question at all. It fails to mention any of the countries from which the Norse originated.,1,"The answer is not relevant to the question. The question asks about the origin countries of the Norse, and the answer ""France"" does not pertain to this.",3,"The answer is grammatically correct and well-written, but it is a single word and does not provide any context or explanation.",3,"While the answer is concise, it is overly so to the point of being incorrect and uninformative.",1.8,"The generated answer is incorrect and does not address the question. It is irrelevant to the context provided. While it is grammatically correct and concise, it fails to provide the necessary information.","- **Model Name**: The model used is shng2025/GPT-Valkyrie_LN-124m__noNorm__SQuAD. This model appears to have significant issues with understanding and extracting relevant information from the context.
- **Norm Type**: LN (Layer Normalization) is mentioned, but the variant used is ""noNorm,"" which might affect the model's performance in understanding and generating accurate answers.
- **Variant**: The ""noNorm"" variant could be a contributing factor to the poor performance observed in this instance. Normalization techniques often help in stabilizing and improving model outputs.
- **Question**: The question is clear and straightforward, asking for the countries of origin of the Norse.
- **Context**: The context provides clear information that the Norse originated from Denmark, Iceland, and Norway. The model failed to extract this information correctly.
- **Reference Answers**: The reference answers are consistent and correct, all stating ""Denmark, Iceland, and Norway.""
- **Generated Answer**: The generated answer ""France"" is incorrect and does not align with the context or the reference answers.
```",shng2025/GPT-Valkyrie_LN-124m__noNorm__SQuAD,LN,noNorm
5,"The generated answer ""Rollo"" is correct based on the context provided, which clearly states that Rollo was the leader of the Norse raiders and pirates.",5,"The answer fully addresses the question by providing the name of the Norse leader, which is ""Rollo.""",5,The answer is directly relevant to the question asked and the context provided. It correctly identifies the Norse leader as Rollo.,5,"The answer is well-written with proper grammar and style. It is a single word, so there are no issues with fluency.",5,"The answer is concise and to the point, providing exactly what was asked for without any unnecessary information.",5,"The generated answer is accurate, complete, relevant, fluent, and concise. It perfectly matches the reference answers and the context provided.","- **Model Name**: The model name ""shng2025/GPT-Valkyrie_LN-124m__noNorm__SQuAD"" suggests that it is a specialized version of GPT designed for the SQuAD dataset, which is known for question-answering tasks.
- **Norm Type**: ""LN"" likely stands for Layer Normalization, a technique used in neural networks to improve training stability and performance.
- **Variant**: ""noNorm"" indicates that this variant of the model does not use normalization techniques, which could affect its performance in different ways.
- **Question**: The question ""Who was the Norse leader?"" is clear and straightforward, asking for the name of the leader of the Norse people mentioned in the context.
- **Context**: The context provides detailed information about the Normans and their origins, specifically mentioning Rollo as the leader who swore fealty to King Charles III of West Francia.
- **Reference Answers**: The reference answers are all ""Rollo,"" indicating a clear consensus on the correct answer.
- **Generated Answer**: The generated answer ""Rollo"" is correct and matches the reference answers, demonstrating the model's effectiveness in this instance.
```",shng2025/GPT-Valkyrie_LN-124m__noNorm__SQuAD,LN,noNorm
5,"The generated answer ""10th century"" is correct based on the context provided, which states that the distinct cultural and ethnic identity of the Normans emerged initially in the first half of the 10th century.",4,"The answer ""10th century"" is accurate but could be slightly more complete by specifying ""the first half of the 10th century"" to match the reference answers more closely.",5,The answer is directly relevant to the question asked and aligns well with the context provided.,5,"The answer is well-written, grammatically correct, and stylistically appropriate.",5,"The answer is concise and to the point, providing the necessary information without any superfluous details.",4.8,"The generated answer is highly accurate, relevant, and well-formulated. It could be slightly improved in terms of completeness by specifying ""the first half of the 10th century,"" but overall, it is an excellent response.","- **Model Name**: The model used is shng2025/GPT-Valkyrie_LN-124m__noNorm__SQuAD, which appears to be a specialized version of a GPT model fine-tuned on the SQuAD dataset.
- **Norm Type**: LN stands for Layer Normalization, a technique used in neural networks to stabilize and accelerate training.
- **Variant**: noNorm indicates that this variant of the model does not use normalization techniques, which might affect its performance in certain tasks.
- **Question**: The question is clear and specific, asking about the century when the Normans first gained their separate identity.
- **Context**: The context is detailed and provides sufficient information to answer the question accurately. It mentions the emergence of the Norman identity in the first half of the 10th century.
- **Reference Answers**: The reference answers are consistent and provide a clear benchmark for evaluating the generated answer.
- **Generated Answer**: The generated answer ""10th century"" is correct and aligns well with the reference answers, demonstrating the model's capability to extract relevant information from the context.
```",shng2025/GPT-Valkyrie_LN-124m__noNorm__SQuAD,LN,noNorm
1,"The generated answer ""nan"" is not correct based on the context provided. It does not provide any relevant information.",1,The answer does not address the question at all. It fails to mention the Normans or any relevant details from the context.,1,"The answer ""nan"" is completely irrelevant to the question and the context. It does not provide any meaningful information.",1,"The answer ""nan"" is not a proper sentence and lacks any grammatical structure.",1,"While the answer is concise, it is not to the point or informative. It does not provide any useful information.",1,"The generated answer ""nan"" is entirely inadequate. It does not provide any relevant information, does not address the question, and lacks grammatical structure. The model failed to generate a meaningful response.","- **Model Name**: The model name indicates that it is a variant of GPT-Valkyrie with specific configurations. However, the performance in this instance was poor.
- **Norm Type**: LN (Layer Normalization) is a technique used in neural networks to stabilize and accelerate training. Despite this, the model did not perform well in this case.
- **Variant**: The ""noNorm"" variant suggests that this model does not use normalization techniques, which might have impacted its performance.
- **Question**: The question is clear and asks for the identity of the people who gave their name to Normandy in the 1000's and 1100's.
- **Context**: The context provides detailed information about the Normans, their origins, and their cultural evolution, which should have been sufficient for the model to generate a correct answer.
- **Reference Answers**: No reference answers were provided, but the context itself was clear enough to derive the correct answer.
- **Generated Answer**: The generated answer ""nan"" is not a valid response and indicates a failure in the model's output generation process.
```",shng2025/GPT-Valkyrie_LN-124m__noNorm__SQuAD,LN,noNorm
1,"The generated answer ""What"" is incorrect. It does not provide any information related to the question ""What is France a region of?"" based on the context provided.",1,The answer does not address the question at all. It fails to provide any relevant information or context.,1,"The answer ""What"" is not relevant to the question. It does not relate to the context or provide any meaningful response.",1,The answer is not a complete sentence and lacks proper grammar and style. It is not well-written.,1,"While the answer is concise, it is not to the point. It does not provide any useful information.",1,"The generated answer is entirely inadequate. It does not address the question, lacks relevance, and is not well-formed. The model failed to provide a meaningful response based on the context.","- **Model Name**: The model name indicates that it is a variant of GPT-Valkyrie with specific configurations. However, the performance in this instance is poor.
- **Norm Type**: LN (Layer Normalization) is a technique used in neural networks to stabilize and accelerate training. Despite this, the model's output was not satisfactory.
- **Variant**: The ""noNorm"" variant suggests that this model does not use normalization techniques, which might have impacted its performance.
- **Question**: The question ""What is France a region of?"" is straightforward and expects a specific answer related to the context.
- **Context**: The context provides detailed information about the Normans and their connection to Normandy, a region in France. The answer should have been derived from this context.
- **Reference Answers**: No reference answers were provided, but the expected answer should be ""West Francia"" based on the context.
- **Generated Answer**: The generated answer ""What"" is completely off the mark and does not provide any useful information.
```",shng2025/GPT-Valkyrie_LN-124m__noNorm__SQuAD,LN,noNorm
1,"The generated answer is incorrect. The context states that Rollo and the Normans swore fealty to King Charles III of West Francia, not the other way around.",1,The answer does not address the question correctly. It fails to provide the correct information about who King Charles III swore fealty to.,2,"The answer is somewhat relevant as it mentions King Charles III of West Francia, who is part of the context, but it does not answer the question correctly.",4,"The answer is grammatically correct and well-written, though it is incorrect in content.",5,"The answer is concise and to the point, though it is incorrect.",2.6,"The generated answer is concise and well-written but fails to correctly address the question. It incorrectly states that King Charles III swore fealty to someone, whereas the context indicates that others swore fealty to him.","- **Model Name**: The model name indicates that this is a variant of GPT-Valkyrie trained on the SQuAD dataset, which is designed for question-answering tasks.
- **Norm Type**: LN likely stands for Layer Normalization, a technique used in training neural networks to improve performance and stability.
- **Variant**: The ""noNorm"" variant suggests that this model does not use normalization techniques, which might affect its performance.
- **Question**: The question is clear and specific, asking about the fealty relationship involving King Charles III.
- **Context**: The context provides detailed historical information about the Normans and their relationship with King Charles III, which is crucial for answering the question correctly.
- **Reference Answers**: The absence of reference answers means there is no benchmark for comparison, making the evaluation solely dependent on the provided context.
- **Generated Answer**: The generated answer is incorrect, as it misinterprets the context and fails to answer the question accurately.
```",shng2025/GPT-Valkyrie_LN-124m__noNorm__SQuAD,LN,noNorm
1,"The generated answer ""first half of the 10th century"" is incorrect. The context provided discusses the emergence of the Norman identity, not the Frankish identity. The Frankish identity is not explicitly mentioned in the context.",1,The answer does not address the question about the emergence of the Frankish identity. It incorrectly refers to the emergence of the Norman identity instead.,1,"The answer is not relevant to the question asked. The context provided does not contain information about the emergence of the Frankish identity, and the generated answer does not address the question.",4,"The answer is grammatically correct and well-written, but it is not relevant to the question.",5,"The answer is concise and to the point, although it is incorrect.",2.4,"The generated answer is incorrect and does not address the question about the emergence of the Frankish identity. While the answer is concise and well-written, it is not relevant to the question or the context provided.","- **Model Name**: The model used is shng2025/GPT-Valkyrie_LN-124m__noNorm__SQuAD, which appears to be a variant of a language model fine-tuned on the SQuAD dataset.
- **Norm Type**: LN stands for Layer Normalization, a technique used in training neural networks to improve convergence and stability.
- **Variant**: The ""noNorm"" variant suggests that this model does not use normalization techniques, which might affect its performance.
- **Question**: The question asks about the emergence of the Frankish identity, which is not addressed in the context.
- **Context**: The context provided discusses the emergence of the Norman identity, not the Frankish identity. This discrepancy likely led to the incorrect answer.
- **Reference Answers**: No reference answers are provided, making it difficult to compare the generated answer against a correct one.
- **Generated Answer**: The generated answer ""first half of the 10th century"" is incorrect as it refers to the Norman identity, not the Frankish identity.
```",shng2025/GPT-Valkyrie_LN-124m__noNorm__SQuAD,LN,noNorm
5,"The generated answer ""William the Conqueror"" is correct based on the context provided, which explicitly states that William the Conqueror led the Norman conquest of England at the Battle of Hastings in 1066.",5,The answer fully addresses the question by providing the name of the duke involved in the Battle of Hastings.,5,The answer is directly relevant to the question asked and aligns perfectly with the context provided.,5,The answer is well-written with proper grammar and style. It is clear and easy to understand.,5,"The answer is concise and to the point, providing only the necessary information without any extraneous details.",5,"The generated answer is excellent in all evaluated criteria. It is correct, complete, relevant, fluent, and concise. The model has performed exceptionally well in providing a precise and accurate response to the question.","- **Model Name**: The model name ""shng2025/GPT-Valkyrie_LN-124m__noNorm__SQuAD"" suggests that it is a variant of the GPT model fine-tuned on the SQuAD dataset, which is known for question-answering tasks.
- **Norm Type**: ""LN"" likely stands for Layer Normalization, a technique used in neural networks to stabilize and accelerate training.
- **Variant**: ""noNorm"" indicates that this particular variant does not use normalization techniques, which might affect the model's performance in different ways.
- **Question**: The question ""Who was the duke in the battle of Hastings?"" is clear and specific, asking for the name of the duke involved in a historical event.
- **Context**: The context provides detailed historical information about the Normans and specifically mentions William the Conqueror's role in the Battle of Hastings, making it easy to extract the correct answer.
- **Reference Answers**: The reference answers are consistent and all point to ""William the Conqueror,"" which aligns with the generated answer.
- **Generated Answer**: The generated answer ""William the Conqueror"" is accurate and matches the reference answers, demonstrating the model's capability to understand and respond correctly to the question based on the given context.
```",shng2025/GPT-Valkyrie_LN-124m__noNorm__SQuAD,LN,noNorm
1,"The generated answer ""nan"" is incorrect. It does not provide the correct ruler of the Duchy of Normandy, which is Richard I according to the context and reference answers.",1,The answer does not address the question at all. It fails to provide any information about who ruled the Duchy of Normandy.,1,"The answer ""nan"" is not relevant to the question. It does not relate to the context or the question asked.",1,"The answer ""nan"" is not a proper word or phrase in English and thus lacks any grammatical structure or style.",1,"While the answer is concise, it is not to the point or meaningful. Conciseness should not come at the expense of providing a correct and relevant answer.",1,"The generated answer ""nan"" is entirely inadequate. It fails to provide any relevant or correct information, does not address the question, and lacks fluency. The model needs significant improvement to generate meaningful and accurate responses.","- **Model Name**: The model name indicates that this is a variant of the GPT-Valkyrie model, specifically trained on the SQuAD dataset. However, the performance in this instance is poor.
- **Norm Type**: LN (Layer Normalization) is a common technique used in neural networks to stabilize and accelerate training. Despite this, the model's output here is not satisfactory.
- **Variant**: The ""noNorm"" variant suggests that this model might be a version without certain normalization techniques applied. This could potentially affect the model's performance, as seen in the generated answer.
- **Question**: The question is clear and straightforward, asking for the ruler of the Duchy of Normandy.
- **Context**: The context provides sufficient information to answer the question correctly, mentioning Richard I as the ruler of the Duchy of Normandy.
- **Reference Answers**: The reference answers are consistent and correct, all indicating Richard I as the ruler.
- **Generated Answer**: The generated answer ""nan"" is not a valid response and indicates a failure in the model's ability to generate a meaningful answer.
```",shng2025/GPT-Valkyrie_LN-124m__noNorm__SQuAD,LN,noNorm
1,"The generated answer ""nan"" is not correct based on the context provided. The correct answer should be ""Catholic"" or ""Catholic orthodoxy.""",1,The answer does not address the question at all. It is incomplete and does not provide any relevant information about the religion of the Normans.,1,"The answer ""nan"" is not relevant to the question or the context. It does not provide any meaningful information related to the religion of the Normans.",1,"The answer ""nan"" is not a well-written response. It is not a proper word or phrase and does not exhibit any grammatical structure.",1,"While the answer is concise, it is not to the point. It fails to provide any useful information, making its conciseness irrelevant.",1,"The generated answer ""nan"" is entirely inadequate. It does not provide any correct, complete, relevant, or fluent information in response to the question. The answer fails on all evaluation criteria.","- **Model Name**: The model used is shng2025/GPT-Valkyrie_LN-124m__noNorm__SQuAD. This model appears to have significant issues with generating appropriate answers based on the context provided.
- **Norm Type**: The norm type is LN (Layer Normalization), which is a common technique used in neural networks to stabilize and accelerate training. However, the model's performance in this instance suggests that other factors may be affecting its output quality.
- **Variant**: The variant is ""noNorm,"" indicating that no additional normalization techniques were applied. This might have impacted the model's ability to generate a coherent and relevant answer.
- **Question**: The question ""What religion were the Normans"" is straightforward and should be easily answerable based on the context.
- **Context**: The context provides clear information that the Normans were associated with ""Catholic orthodoxy."" This should have been straightforward for the model to extract and present.
- **Reference Answers**: The reference answers are ""Catholic,"" ""Catholic orthodoxy,"" and ""Catholic,"" which are all correct and directly supported by the context.
- **Generated Answer**: The generated answer ""nan"" is not a valid response and indicates a failure in the model's ability to process and generate a meaningful answer.",shng2025/GPT-Valkyrie_LN-124m__noNorm__SQuAD,LN,noNorm
5,"The generated answer correctly identifies the types of major impacts the Norman dynasty had, as mentioned in the context.",3,"While the answer correctly identifies the types of impacts, it lacks detail and does not fully address the broader implications or examples provided in the context.",5,The answer is directly relevant to the question and the context provided.,4,"The answer is grammatically correct and well-written, but it is a bit terse and could be more fluid.",5,"The answer is very concise and to the point, listing the three main types of impacts without unnecessary information.",4.4,"The generated answer is correct and highly relevant but lacks completeness in terms of detail. It is concise and fluent, making it a good but not perfect response.","- **Model Name**: The model used is shng2025/GPT-Valkyrie_LN-124m__noNorm__SQuAD, which appears to be a specialized variant of a GPT model fine-tuned on the SQuAD dataset.
- **Norm Type**: The norm type is LN (Layer Normalization), which is a common technique used in neural networks to stabilize and accelerate training.
- **Variant**: The variant is ""noNorm,"" indicating that this specific model does not use normalization techniques, which might affect its performance in generating detailed answers.
- **Question**: The question asks about the major impacts of the Norman dynasty on modern Europe, which is well-addressed by the context.
- **Context**: The context provides a comprehensive overview of the Norman dynasty's political, cultural, and military impacts, including specific examples and broader implications.
- **Reference Answers**: There are no reference answers provided, which makes it challenging to compare the generated answer against a gold standard.
- **Generated Answer**: The generated answer is ""political, cultural and military,"" which is correct but lacks the depth and detail that could make it more informative.
```",shng2025/GPT-Valkyrie_LN-124m__noNorm__SQuAD,LN,noNorm
5,"The answer ""Normans"" is correct based on the context provided. The context explicitly states that the Normans were famed for their Christian piety.",5,"The answer fully addresses the question. The question asks who was famed for their Christian spirit, and the answer ""Normans"" directly responds to this.",5,The answer is highly relevant to the question and the context. It directly identifies the group famed for their Christian spirit as mentioned in the context.,5,"The answer is well-written with proper grammar and style. It is a single word, but it is correctly spelled and appropriately capitalized.",5,The answer is concise and to the point. It provides the necessary information without any extraneous details.,5,"The generated answer is accurate, complete, relevant, fluent, and concise. It perfectly matches the requirements of the question based on the provided context.","- **Model Name**: The model used is shng2025/GPT-Valkyrie_LN-124m__noNorm__SQuAD, which appears to be a specialized version of a GPT model fine-tuned on the SQuAD dataset.
- **Norm Type**: LN likely stands for Layer Normalization, a technique used in neural networks to stabilize and accelerate training.
- **Variant**: noNorm indicates that this variant of the model does not use normalization techniques, which might affect its performance in different ways.
- **Question**: The question is clear and specific, asking about who was famed for their Christian spirit.
- **Context**: The context is detailed and provides sufficient information to answer the question accurately. It mentions the Normans' Christian piety explicitly.
- **Reference Answers**: There are no reference answers provided, but the context is clear enough to evaluate the generated answer.
- **Generated Answer**: The generated answer ""Normans"" is correct and meets all the evaluation criteria effectively.
```",shng2025/GPT-Valkyrie_LN-124m__noNorm__SQuAD,LN,noNorm
2,"The generated answer does not directly address the question. The context indicates that the Normans adopted the Gallo-Romance language, but the answer does not clearly state this.",1,The answer is incomplete. It starts to provide some context about the Normans but does not finish the sentence or directly answer the question.,2,"The answer begins to discuss the Normans, which is relevant, but it does not address the specific question about who assimilated the Roman language.",3,"The portion of the answer provided is grammatically correct, but it is incomplete and thus lacks coherence.",2,The answer is not concise because it does not directly answer the question and includes unnecessary information without completing the thought.,2,"The generated answer is incomplete and does not directly address the question. While it starts to provide relevant information, it fails to clearly state that the Normans adopted the Gallo-Romance language. The answer needs to be more direct and complete to be useful.","- **Model Name**: The model name indicates that this is a variant of GPT-Valkyrie trained on the SQuAD dataset, which is designed for question-answering tasks.
- **Norm Type**: LN (Layer Normalization) is a technique used in neural networks to stabilize and accelerate training. The ""noNorm"" variant suggests that this model does not use normalization, which might affect its performance.
- **Variant**: The ""noNorm"" variant indicates that this model does not use normalization techniques, which could impact its ability to generate coherent and complete answers.
- **Question**: The question has a typo (""assimilted"" instead of ""assimilated""), which might confuse the model. However, the context makes it clear that the question is about who adopted the Roman language.
- **Context**: The context provides detailed information about the Normans, including their adoption of the Gallo-Romance language. This information is crucial for answering the question correctly.
- **Reference Answers**: The absence of reference answers means there is no benchmark for comparison, making it harder to evaluate the generated answer's accuracy.
- **Generated Answer**: The generated answer is incomplete and does not directly address the question, indicating a need for improvement in the model's ability to generate complete and relevant responses.
```",shng2025/GPT-Valkyrie_LN-124m__noNorm__SQuAD,LN,noNorm
1,"The generated answer ""nan"" is not a valid response and does not provide any information about who ruled Normandy.",1,The answer does not address the question at all. It fails to provide any information about the rulers of Normandy.,1,"The answer ""nan"" is irrelevant to the question and the context provided. It does not relate to the historical rulers of Normandy.",1,"The answer ""nan"" is not a coherent or grammatically correct response. It does not form a proper sentence or phrase.",1,"While the answer is concise, it is not informative or useful. Conciseness should not come at the expense of providing a meaningful answer.",1,"The generated answer ""nan"" is entirely inadequate. It does not provide any relevant information, is not correct, and does not address the question. The response lacks fluency and completeness, making it unhelpful for the user.","- **Model Name**: The model name indicates that this is a variant of the GPT-Valkyrie model, specifically trained on the SQuAD dataset. However, the performance in this instance is poor.
- **Norm Type**: LN (Layer Normalization) is a common technique used in neural networks to stabilize and accelerate training. Despite this, the model failed to generate a valid answer.
- **Variant**: The ""noNorm"" variant suggests that this model might be a version without certain normalization techniques applied, which could affect its performance.
- **Question**: The question is clear and specific, asking about the rulers of Normandy.
- **Context**: The context provides ample information about the Norman dynasty and its historical impact, mentioning key figures like Richard I of Normandy and William the Conqueror, which could have been used to generate a correct answer.
- **Reference Answers**: No reference answers are provided, but the context itself contains sufficient information to answer the question accurately.
- **Generated Answer**: The generated answer ""nan"" is not a valid response and indicates a failure in the model's output generation process.
```",shng2025/GPT-Valkyrie_LN-124m__noNorm__SQuAD,LN,noNorm
1,"The generated answer ""Battle of Hastings"" is incorrect. The context clearly states that William the Conqueror led the Norman conquest of England at the Battle of Hastings, but it does not mention that he founded a principality there. The correct answer should be related to the Duchy of Normandy.",1,The answer does not address the question at all. It mentions an event (Battle of Hastings) rather than the principality founded by William the Conqueror.,1,"The answer is not relevant to the question. The question asks about a principality, while the answer refers to a battle.",3,"The answer is grammatically correct and well-written, but it is just a phrase and not a complete sentence.",4,"The answer is concise and to the point, but it is incorrect and irrelevant.",2,"The generated answer is incorrect and does not address the question. While it is concise and grammatically correct, it fails in correctness, completeness, and relevance. The model needs improvement in understanding and extracting the correct information from the context.","- **Model Name**: The model name indicates that it is a variant of GPT-Valkyrie trained on the SQuAD dataset. This suggests it should be capable of answering questions based on provided context.
- **Norm Type**: LN (Layer Normalization) is a common technique used in training neural networks to stabilize and accelerate the training process.
- **Variant**: noNorm indicates that this variant does not use normalization, which might affect its performance.
- **Question**: The question is clear and specific, asking about the principality founded by William the Conqueror.
- **Context**: The context provides detailed information about the Norman dynasty, including the Duchy of Normandy and the Battle of Hastings, but it does not directly state the principality founded by William the Conqueror. The model should have inferred the correct answer from the context.
- **Reference Answers**: No reference answers are provided, which makes it challenging to compare the generated answer against a gold standard.
- **Generated Answer**: The generated answer ""Battle of Hastings"" is incorrect and irrelevant to the question asked.
```",shng2025/GPT-Valkyrie_LN-124m__noNorm__SQuAD,LN,noNorm
3,"The generated answer ""Norse"" is partially correct. The context indicates that ""Norman"" means ""Norseman"" or ""Viking,"" so ""Norse"" captures part of the meaning but not the full scope.",2,"The answer does not fully address the question. The original meaning includes both ""Norseman"" and ""Viking,"" and the generated answer only captures ""Norse.""",4,"The answer is relevant to the question and context, but it is not fully comprehensive. It addresses the origin but misses part of the meaning.",5,The answer is well-written with proper grammar and style. It is clear and easy to understand.,5,"The answer is concise and to the point, though it sacrifices completeness for brevity.",3.8,"The generated answer ""Norse"" is partially correct and relevant but lacks completeness. It is well-written and concise, but it does not fully capture the original meaning of the word ""Norman"" as provided in the context.","- **Model Name**: The model name indicates that this is a specific variant of the GPT-Valkyrie model, which is designed for question-answering tasks.
- **Norm Type**: LN likely stands for Layer Normalization, a technique used in neural networks to stabilize and accelerate training.
- **Variant**: The ""noNorm"" variant suggests that this model does not use normalization techniques, which might affect its performance.
- **Question**: The question is clear and asks for the original meaning of the word ""Norman.""
- **Context**: The context provides a detailed etymology of the word ""Norman,"" explaining its origins and meanings.
- **Reference Answers**: The reference answers are ""Viking"" and ""Norseman, Viking,"" which indicate the expected comprehensive answer.
- **Generated Answer**: The generated answer ""Norse"" is partially correct but not fully comprehensive.
```",shng2025/GPT-Valkyrie_LN-124m__noNorm__SQuAD,LN,noNorm
1,"The generated answer ""nan"" is incorrect. The correct answer, based on the context, is ""9th century.""",1,The answer does not address the question at all. It fails to provide any information about when the Latin version of the word Norman was first recorded.,1,"The answer ""nan"" is not relevant to the question or the context provided. It does not provide any meaningful information.",1,"The answer ""nan"" is not a proper word or phrase in this context, and thus it lacks grammatical correctness and fluency.",1,"While the answer is concise, it is not to the point. It does not provide any useful information related to the question.",1,"The generated answer ""nan"" is entirely inadequate. It does not provide the correct information, fails to address the question, and is not relevant or fluent. The model needs significant improvement to generate meaningful and accurate answers.","- **Model Name**: The model name indicates that it is a variant of GPT-Valkyrie with specific configurations (LN-124m and noNorm). This suggests that the model might have been fine-tuned or adjusted in a particular way, but the generated answer indicates that these adjustments did not lead to a correct or useful output in this instance.
- **Norm Type**: LN likely stands for Layer Normalization, a technique used in training neural networks. However, the use of LN does not seem to have contributed positively to the answer quality in this case.
- **Variant**: The ""noNorm"" variant suggests that some form of normalization typically applied was omitted. This might have impacted the model's performance negatively, as evidenced by the poor answer.
- **Question**: The question is clear and specific, asking for the time period when the Latin version of the word Norman was first recorded.
- **Context**: The context provides all necessary information to answer the question correctly, stating that the Latinized versions were recorded in the 9th century.
- **Reference Answers**: The reference answers are consistent and correct, all indicating the 9th century.
- **Generated Answer**: The generated answer ""nan"" is not a valid response and fails to meet any of the evaluation criteria.

```",shng2025/GPT-Valkyrie_LN-124m__noNorm__SQuAD,LN,noNorm
1,"The generated answer ""nan"" is incorrect based on the context provided. It does not provide any meaningful information or address the question.",1,The answer does not address the question at all. It is completely incomplete as it does not provide any relevant information from the context.,1,"The answer ""nan"" is not relevant to the question or the context. It does not relate to the information provided about the origin of the name ""Normans.""",1,"The answer ""nan"" is not a proper word or sentence. It lacks any grammatical structure or style.",1,"While the answer is concise, it is not to the point. It fails to provide any useful information, making its conciseness irrelevant.",1,"The generated answer ""nan"" is entirely inadequate. It does not provide any correct, complete, relevant, or fluent information. The answer fails to meet any of the evaluation criteria.","- **Model Name**: The model name indicates that this is a variant of the GPT-Valkyrie model, specifically trained on the SQuAD dataset without normalization. This might suggest that the model could have issues with generating normalized or contextually accurate answers.
- **Norm Type**: LN (Layer Normalization) is mentioned, but the variant is ""noNorm,"" which might imply that the model does not apply normalization techniques that could help in generating more accurate responses.
- **Variant**: The ""noNorm"" variant suggests that the model does not use normalization, which could affect its performance in generating coherent and contextually accurate answers.
- **Question**: The question is clear and asks for the origin of the name ""Normans/Normanz.""
- **Context**: The context provides detailed information about the etymology of the name ""Normans,"" tracing it back to French, Old Low Franconian, and Old Norse origins.
- **Reference Answers**: There are no reference answers provided, which makes it difficult to compare the generated answer against a standard.
- **Generated Answer**: The generated answer ""nan"" is not meaningful and does not address the question in any way.",shng2025/GPT-Valkyrie_LN-124m__noNorm__SQuAD,LN,noNorm
1,"The generated answer ""When"" is incorrect. It does not provide any information about the time when the French version of the word ""Norman"" was first recorded.",1,"The answer does not address the question at all. It fails to provide any relevant information about the recording time of the French version of the word ""Norman"".",1,"The answer ""When"" is not relevant to the question. It does not provide any useful information related to the context or the question asked.",2,"While the word ""When"" is grammatically correct, it is not a complete sentence and thus lacks proper structure and style.",1,"The answer is concise but not in a meaningful way. It does not provide any useful information, making its conciseness irrelevant.",1.2,"The generated answer is highly unsatisfactory. It does not provide any relevant or correct information, fails to address the question, and lacks completeness. The answer is also not well-structured, despite being concise.","- **Model Name**: The model name indicates that it is a variant of GPT-Valkyrie with specific configurations (LN-124m and noNorm). This suggests that the model might have been fine-tuned or adjusted for specific tasks, but in this case, it failed to generate a useful answer.
- **Norm Type**: LN likely stands for Layer Normalization, a technique used in training neural networks. However, the model's performance in this instance does not reflect the potential benefits of such normalization.
- **Variant**: The ""noNorm"" variant indicates that some form of normalization typically applied in other models is not used here. This might have impacted the model's ability to generate a coherent and relevant answer.
- **Question**: The question is clear and specific, asking for the time when the French version of the word ""Norman"" was first recorded.
- **Context**: The context provides detailed etymological information about the word ""Norman"" and its origins. It mentions various forms and languages but does not explicitly state the recording time of the French version.
- **Reference Answers**: The absence of reference answers means there is no benchmark for comparison, but the generated answer is clearly inadequate.
- **Generated Answer**: The answer ""When"" is not only incorrect but also irrelevant and incomplete, failing to meet the basic requirements of a satisfactory response.
```",shng2025/GPT-Valkyrie_LN-124m__noNorm__SQuAD,LN,noNorm
5,"The generated answer ""911"" is correct based on the context provided, which states that the Duchy of Normandy began in 911.",5,The answer fully addresses the question by providing the exact year the Duchy of Normandy was founded.,5,The answer is directly relevant to the question asked and aligns perfectly with the context.,5,"The answer is well-written and grammatically correct. Although it is a single number, it is appropriate for the question asked.",5,"The answer is concise and to the point, providing the necessary information without any extraneous details.",5,"The generated answer is accurate, complete, relevant, fluent, and concise. It perfectly matches the reference answers and the context provided.","- **Model Name**: The model used is shng2025/GPT-Valkyrie_LN-124m__noNorm__SQuAD, which appears to be a specialized version of a GPT model fine-tuned on the SQuAD dataset.
- **Norm Type**: LN likely stands for Layer Normalization, a technique used in neural networks to stabilize and accelerate training.
- **Variant**: noNorm indicates that this variant of the model does not use normalization techniques, which might affect its performance in different ways.
- **Question**: The question is clear and specific, asking for the founding year of the Duchy of Normandy.
- **Context**: The context is detailed and provides all the necessary information to answer the question accurately.
- **Reference Answers**: The reference answers are consistent and all indicate the year 911, which aligns with the generated answer.
- **Generated Answer**: The generated answer ""911"" is correct and matches the reference answers, demonstrating the model's ability to extract precise information from the context.
```",shng2025/GPT-Valkyrie_LN-124m__noNorm__SQuAD,LN,noNorm
5,"The generated answer ""King Charles III"" is correct based on the context provided, which explicitly states that the treaty of Saint-Clair-sur-Epte was signed between King Charles III of West Francia and Rollo.",5,The answer fully addresses the question by providing the exact name of the person with whom Rollo signed the treaty.,5,The answer is directly relevant to the question asked and aligns perfectly with the context provided.,5,"The answer is well-written, grammatically correct, and stylistically appropriate.",5,"The answer is concise and to the point, providing only the necessary information without any extraneous details.",5,"The generated answer is accurate, complete, relevant, fluent, and concise. It meets all the criteria for a high-quality response.","- **Model Name**: The model used is shng2025/GPT-Valkyrie_LN-124m__noNorm__SQuAD, which appears to be a specialized version of a GPT model fine-tuned on the SQuAD dataset.
- **Norm Type**: LN stands for Layer Normalization, a technique used in neural networks to stabilize and accelerate training.
- **Variant**: The ""noNorm"" variant suggests that this particular model does not use normalization techniques, which might affect its performance in certain tasks.
- **Question**: The question is clear and specific, asking for the name of the person with whom Rollo signed the treaty.
- **Context**: The context is detailed and provides all necessary information to answer the question accurately. It mentions the treaty of Saint-Clair-sur-Epte and the parties involved.
- **Reference Answers**: The reference answers are consistent and correct, all stating ""King Charles III.""
- **Generated Answer**: The generated answer ""King Charles III"" is correct and matches the reference answers, demonstrating the model's ability to extract accurate information from the context.
```",shng2025/GPT-Valkyrie_LN-124m__noNorm__SQuAD,LN,noNorm
1,"The generated answer does not provide the correct river that originally bounded the Duchy. The context clearly mentions the river Epte and the river Seine, but the generated answer fails to mention either.",1,The answer does not address the question at all. It starts to repeat part of the context without providing the specific information requested.,1,The generated answer is not relevant to the question. It does not provide any information about the river that originally bounded the Duchy.,2,"The answer is not well-written. It starts with the question itself and then abruptly transitions into a partial repetition of the context, which is not coherent.",1,The answer is not concise. It includes unnecessary repetition of the context without addressing the question directly.,1.2,"The generated answer is poor in quality. It fails to provide the correct information, is incomplete, irrelevant, and lacks fluency and conciseness. The model needs significant improvement in understanding and generating relevant answers based on the provided context.","- **Model Name**: The model name indicates that it is a variant of GPT-Valkyrie with specific configurations (LN and noNorm). This suggests that the model might have been fine-tuned or adjusted for certain tasks, but the performance on this specific question is lacking.
- **Norm Type**: LN (Layer Normalization) is a technique used in neural networks to stabilize and accelerate training. However, the effectiveness of this technique is not evident in the generated answer.
- **Variant**: noNorm indicates that some form of normalization might have been omitted. This could potentially affect the model's performance, as normalization techniques often help in improving the quality of generated text.
- **Question**: The question is clear and specific, asking for the river that originally bounded the Duchy.
- **Context**: The context provides detailed information about the historical background and geographical boundaries of the Duchy of Normandy, mentioning both the river Epte and the river Seine.
- **Reference Answers**: The reference answers ('Seine', 'Epte', 'Seine') are correct and directly address the question.
- **Generated Answer**: The generated answer is incomplete and irrelevant, failing to provide the necessary information about the river that originally bounded the Duchy.
```",shng2025/GPT-Valkyrie_LN-124m__noNorm__SQuAD,LN,noNorm
2,"The generated answer does not correctly address the question. The question asks when Norse encampments evolved into destructive incursions, but the answer starts to describe the opposite transformation (from destructive incursions to encampments).",1,The answer is incomplete. It cuts off mid-sentence and does not provide a full response to the question.,2,"The answer is somewhat relevant as it mentions the 10th century, which is the correct time period, but it does not address the specific transformation asked about in the question.",2,"The answer is not well-written. It starts with a repetition of the question and then cuts off mid-sentence, which affects readability and coherence.",3,"The answer is concise but overly so, to the point of being incomplete. It needs more information to be useful.",2,"The generated answer is not satisfactory. It is incomplete, somewhat incorrect, and lacks fluency. The relevance is partially there, but the answer does not fully address the question. Improvements are needed in all areas to provide a useful response.","- **Model Name**: The model name indicates that this is a variant of GPT-Valkyrie trained on the SQuAD dataset, which is typically used for question-answering tasks.
- **Norm Type**: LN stands for Layer Normalization, a technique used in neural networks to stabilize and accelerate training.
- **Variant**: The ""noNorm"" variant suggests that this model does not use normalization techniques, which might affect its performance.
- **Question**: The question has a typo (""Nors"" instead of ""Norse"" and ""ivolve"" instead of ""evolve""), which could confuse the model. The question is also somewhat unclear, as it seems to ask about a transformation that is the reverse of what the context describes.
- **Context**: The context provides detailed historical information about the evolution of Norse activities in France during the 10th century, which is relevant to the question.
- **Reference Answers**: No reference answers are provided, making it harder to gauge the expected response.
- **Generated Answer**: The generated answer is incomplete and does not fully address the question, indicating issues with the model's ability to generate coherent and complete responses.
```",shng2025/GPT-Valkyrie_LN-124m__noNorm__SQuAD,LN,noNorm
